<?xml version="1.0" encoding="utf-8" ?>
<dwsync>
<file name="Advance.gif" server="dijkstra.engr.mun.ca//var/www/teachingmachine.org/" local="129247914491264000" remote="129247937930000000" />
<file name="Backup.gif" server="dijkstra.engr.mun.ca//var/www/teachingmachine.org/" local="129247914491434000" remote="129247937930000000" />
<file name="Binary.gif" server="dijkstra.engr.mun.ca//var/www/teachingmachine.org/" local="129247914491354000" remote="129247937930000000" />
<file name="help.html" server="dijkstra.engr.mun.ca//var/www/teachingmachine.org/" local="129247914491574000" remote="129247937930000000" />
<file name="Logical.gif" server="dijkstra.engr.mun.ca//var/www/teachingmachine.org/" local="129247914491644000" remote="129247937930000000" />
<file name="ReStart.gif" server="dijkstra.engr.mun.ca//var/www/teachingmachine.org/" local="129247914491394000" remote="129247937930000000" />
<file name="Scaled.gif" server="dijkstra.engr.mun.ca//var/www/teachingmachine.org/" local="129247914491204000" remote="129247937930000000" />
<file name="Stack.gif" server="dijkstra.engr.mun.ca//var/www/teachingmachine.org/" local="129247914491474000" remote="129247937940000000" />
<file name="Static.gif" server="dijkstra.engr.mun.ca//var/www/teachingmachine.org/" local="129247914491544000" remote="129247937940000000" />
<file name="stepInto.gif" server="dijkstra.engr.mun.ca//var/www/teachingmachine.org/" local="129247914491514000" remote="129247937940000000" />
<file name="stepOut.gif" server="dijkstra.engr.mun.ca//var/www/teachingmachine.org/" local="129247914491314000" remote="129247937940000000" />
<file name="stepOver.gif" server="dijkstra.engr.mun.ca//var/www/teachingmachine.org/" local="129247914491604000" remote="129247937940000000" />
<file name="ToCursor.gif" server="dijkstra.engr.mun.ca//var/www/teachingmachine.org/" local="129247914491234000" remote="129247937940000000" />
</dwsync>