<?xml version="1.0" encoding="utf-8" ?>
<dwsync>
<file name="Advance.gif" server="dijkstra.engr.mun.ca//var/www/teachingmachine.org/" local="128698938000000000" remote="129246393990000000" />
<file name="AutoStep.gif" server="dijkstra.engr.mun.ca//var/www/teachingmachine.org/" local="128832546600000000" remote="129246393990000000" />
<file name="Binary.gif" server="dijkstra.engr.mun.ca//var/www/teachingmachine.org/" local="128698938000000000" remote="129246393990000000" />
<file name="configButtonDown.gif" server="dijkstra.engr.mun.ca//var/www/teachingmachine.org/" local="128698938000000000" remote="129246393990000000" />
<file name="configButtonGray.gif" server="dijkstra.engr.mun.ca//var/www/teachingmachine.org/" local="128698938000000000" remote="129246393990000000" />
<file name="configButtonNormal.gif" server="dijkstra.engr.mun.ca//var/www/teachingmachine.org/" local="128698938000000000" remote="129246393990000000" />
<file name="configButtonOver.gif" server="dijkstra.engr.mun.ca//var/www/teachingmachine.org/" local="128698938000000000" remote="129246394000000000" />
<file name="contracter.gif" server="dijkstra.engr.mun.ca//var/www/teachingmachine.org/" local="128698938000000000" remote="129246394000000000" />
<file name="editButtonDown.gif" server="dijkstra.engr.mun.ca//var/www/teachingmachine.org/" local="128698938000000000" remote="129246394000000000" />
<file name="editButtonDownOver.gif" server="dijkstra.engr.mun.ca//var/www/teachingmachine.org/" local="128698938000000000" remote="129246394000000000" />
<file name="editButtonNormal.gif" server="dijkstra.engr.mun.ca//var/www/teachingmachine.org/" local="128698938000000000" remote="129246394000000000" />
<file name="editButtonOver.gif" server="dijkstra.engr.mun.ca//var/www/teachingmachine.org/" local="128698938000000000" remote="129246394000000000" />
<file name="EngineeringLogo.gif" server="dijkstra.engr.mun.ca//var/www/teachingmachine.org/" local="128698938000000000" remote="129246394000000000" />
<file name="EngineeringLogo.jpg" server="dijkstra.engr.mun.ca//var/www/teachingmachine.org/" local="128698938000000000" remote="129246394030000000" />
<file name="expander.gif" server="dijkstra.engr.mun.ca//var/www/teachingmachine.org/" local="128698938000000000" remote="129246394030000000" />
<file name="extraNoteDown.gif" server="dijkstra.engr.mun.ca//var/www/teachingmachine.org/" local="128698938000000000" remote="129246394030000000" />
<file name="extraNoteGray.gif" server="dijkstra.engr.mun.ca//var/www/teachingmachine.org/" local="128698938000000000" remote="129246394030000000" />
<file name="extraNoteNormal.gif" server="dijkstra.engr.mun.ca//var/www/teachingmachine.org/" local="128698938000000000" remote="129246394030000000" />
<file name="extraNoteOver.gif" server="dijkstra.engr.mun.ca//var/www/teachingmachine.org/" local="128698938000000000" remote="129246394030000000" />
<file name="extraNoteToggleDown.gif" server="dijkstra.engr.mun.ca//var/www/teachingmachine.org/" local="128698938000000000" remote="129246394030000000" />
<file name="extraNoteToggleGray.gif" server="dijkstra.engr.mun.ca//var/www/teachingmachine.org/" local="128698938000000000" remote="129246394030000000" />
<file name="extraNoteToggleNormal.gif" server="dijkstra.engr.mun.ca//var/www/teachingmachine.org/" local="128698938000000000" remote="129246394030000000" />
<file name="extraNoteToggleOver.gif" server="dijkstra.engr.mun.ca//var/www/teachingmachine.org/" local="128698938000000000" remote="129246394040000000" />
<file name="greenBoard.gif" server="dijkstra.engr.mun.ca//var/www/teachingmachine.org/" local="128698938000000000" remote="129246394040000000" />
<file name="greenBoardOver.gif" server="dijkstra.engr.mun.ca//var/www/teachingmachine.org/" local="128698938000000000" remote="129246394040000000" />
<file name="helpButtonDown.gif" server="dijkstra.engr.mun.ca//var/www/teachingmachine.org/" local="128698938000000000" remote="129246394040000000" />
<file name="helpButtonGray.gif" server="dijkstra.engr.mun.ca//var/www/teachingmachine.org/" local="128698938000000000" remote="129246394040000000" />
<file name="helpButtonNormal.gif" server="dijkstra.engr.mun.ca//var/www/teachingmachine.org/" local="128698938000000000" remote="129246394040000000" />
<file name="helpButtonOver.gif" server="dijkstra.engr.mun.ca//var/www/teachingmachine.org/" local="128698938000000000" remote="129246394040000000" />
<file name="homeButtonDown.gif" server="dijkstra.engr.mun.ca//var/www/teachingmachine.org/" local="128698938000000000" remote="129246394040000000" />
<file name="homeButtonGray.gif" server="dijkstra.engr.mun.ca//var/www/teachingmachine.org/" local="128698938000000000" remote="129246394040000000" />
<file name="homeButtonNormal.gif" server="dijkstra.engr.mun.ca//var/www/teachingmachine.org/" local="128698938000000000" remote="129246394040000000" />
<file name="homeButtonOver.gif" server="dijkstra.engr.mun.ca//var/www/teachingmachine.org/" local="128698938000000000" remote="129246394050000000" />
<file name="IntoExp.gif" server="dijkstra.engr.mun.ca//var/www/teachingmachine.org/" local="128698938000000000" remote="129246394050000000" />
<file name="IntoSub.gif" server="dijkstra.engr.mun.ca//var/www/teachingmachine.org/" local="128698938000000000" remote="129246394050000000" />
<file name="lectureButtonDown.gif" server="dijkstra.engr.mun.ca//var/www/teachingmachine.org/" local="128698938000000000" remote="129246394050000000" />
<file name="lectureButtonGray.gif" server="dijkstra.engr.mun.ca//var/www/teachingmachine.org/" local="128698938000000000" remote="129246394050000000" />
<file name="lectureButtonNormal.gif" server="dijkstra.engr.mun.ca//var/www/teachingmachine.org/" local="128698938000000000" remote="129246394050000000" />
<file name="lectureButtonOver.gif" server="dijkstra.engr.mun.ca//var/www/teachingmachine.org/" local="128698938000000000" remote="129246394050000000" />
<file name="Logical.gif" server="dijkstra.engr.mun.ca//var/www/teachingmachine.org/" local="128698938000000000" remote="129246394050000000" />
<file name="Maximize.gif" server="dijkstra.engr.mun.ca//var/www/teachingmachine.org/" local="128698938000000000" remote="129246394050000000" />
<file name="Minimize.gif" server="dijkstra.engr.mun.ca//var/www/teachingmachine.org/" local="128698938000000000" remote="129246394050000000" />
<file name="noteButtonDown.gif" server="dijkstra.engr.mun.ca//var/www/teachingmachine.org/" local="128698938000000000" remote="129246394060000000" />
<file name="noteButtonGray.gif" server="dijkstra.engr.mun.ca//var/www/teachingmachine.org/" local="128698938000000000" remote="129246394060000000" />
<file name="noteButtonNormal.gif" server="dijkstra.engr.mun.ca//var/www/teachingmachine.org/" local="128698938000000000" remote="129246394060000000" />
<file name="noteButtonOver.gif" server="dijkstra.engr.mun.ca//var/www/teachingmachine.org/" local="128698938000000000" remote="129246394060000000" />
<file name="OverAll.gif" server="dijkstra.engr.mun.ca//var/www/teachingmachine.org/" local="128698938000000000" remote="129246394060000000" />
<file name="printButtonDown.gif" server="dijkstra.engr.mun.ca//var/www/teachingmachine.org/" local="128698938000000000" remote="129246394060000000" />
<file name="printButtonGray.gif" server="dijkstra.engr.mun.ca//var/www/teachingmachine.org/" local="128698938000000000" remote="129246394060000000" />
<file name="printButtonNormal.gif" server="dijkstra.engr.mun.ca//var/www/teachingmachine.org/" local="128698938000000000" remote="129246394060000000" />
<file name="printButtonOver.gif" server="dijkstra.engr.mun.ca//var/www/teachingmachine.org/" local="128698938000000000" remote="129246394060000000" />
<file name="purpleBack.gif" server="dijkstra.engr.mun.ca//var/www/teachingmachine.org/" local="128698938000000000" remote="129246394060000000" />
<file name="purpleDown.gif" server="dijkstra.engr.mun.ca//var/www/teachingmachine.org/" local="128698938000000000" remote="129246394070000000" />
<file name="purpleNext.gif" server="dijkstra.engr.mun.ca//var/www/teachingmachine.org/" local="128698938000000000" remote="129246394070000000" />
<file name="purpleUp.gif" server="dijkstra.engr.mun.ca//var/www/teachingmachine.org/" local="128698938000000000" remote="129246394070000000" />
<file name="ReStart.gif" server="dijkstra.engr.mun.ca//var/www/teachingmachine.org/" local="128698938000000000" remote="129246394070000000" />
<file name="runButtonDown.gif" server="dijkstra.engr.mun.ca//var/www/teachingmachine.org/" local="128698938000000000" remote="129246394070000000" />
<file name="runButtonDownGray.gif" server="dijkstra.engr.mun.ca//var/www/teachingmachine.org/" local="128698938000000000" remote="129246394070000000" />
<file name="runButtonDownOver.gif" server="dijkstra.engr.mun.ca//var/www/teachingmachine.org/" local="128698938000000000" remote="129246394070000000" />
<file name="runButtonGray.gif" server="dijkstra.engr.mun.ca//var/www/teachingmachine.org/" local="128698938000000000" remote="129246394070000000" />
<file name="runButtonNormal.gif" server="dijkstra.engr.mun.ca//var/www/teachingmachine.org/" local="128698938000000000" remote="129246394070000000" />
<file name="runButtonOver.gif" server="dijkstra.engr.mun.ca//var/www/teachingmachine.org/" local="128698938000000000" remote="129246394070000000" />
<file name="Scaled.gif" server="dijkstra.engr.mun.ca//var/www/teachingmachine.org/" local="128698938000000000" remote="129246394080000000" />
<file name="shadeButtonDown.gif" server="dijkstra.engr.mun.ca//var/www/teachingmachine.org/" local="128698938000000000" remote="129246394080000000" />
<file name="shadeButtonGray.gif" server="dijkstra.engr.mun.ca//var/www/teachingmachine.org/" local="128698938000000000" remote="129246394080000000" />
<file name="shadeButtonNormal.gif" server="dijkstra.engr.mun.ca//var/www/teachingmachine.org/" local="128698938000000000" remote="129246394080000000" />
<file name="shadeButtonOver.gif" server="dijkstra.engr.mun.ca//var/www/teachingmachine.org/" local="128698938000000000" remote="129246394080000000" />
<file name="Shrink.gif" server="dijkstra.engr.mun.ca//var/www/teachingmachine.org/" local="128698938000000000" remote="129246394080000000" />
<file name="stepInto.gif" server="dijkstra.engr.mun.ca//var/www/teachingmachine.org/" local="128698938000000000" remote="129246394080000000" />
<file name="stepOut.gif" server="dijkstra.engr.mun.ca//var/www/teachingmachine.org/" local="128698938000000000" remote="129246394080000000" />
<file name="stepOver.gif" server="dijkstra.engr.mun.ca//var/www/teachingmachine.org/" local="128698938000000000" remote="129246394080000000" />
<file name="tm_logo.gif" server="dijkstra.engr.mun.ca//var/www/teachingmachine.org/" local="128698938000000000" remote="129246394080000000" />
<file name="ToCursor.gif" server="dijkstra.engr.mun.ca//var/www/teachingmachine.org/" local="128698938000000000" remote="129246394090000000" />
<file name="videoButtonDown.gif" server="dijkstra.engr.mun.ca//var/www/teachingmachine.org/" local="128698938000000000" remote="129246394090000000" />
<file name="videoButtonDownOver.gif" server="dijkstra.engr.mun.ca//var/www/teachingmachine.org/" local="128698938000000000" remote="129246394090000000" />
<file name="videoButtonGrey.gif" server="dijkstra.engr.mun.ca//var/www/teachingmachine.org/" local="128698938000000000" remote="129246394090000000" />
<file name="videoButtonGreyDown.gif" server="dijkstra.engr.mun.ca//var/www/teachingmachine.org/" local="128698938000000000" remote="129246394090000000" />
<file name="videoButtonNormal.gif" server="dijkstra.engr.mun.ca//var/www/teachingmachine.org/" local="128698938000000000" remote="129246394090000000" />
<file name="videoButtonOver.gif" server="dijkstra.engr.mun.ca//var/www/teachingmachine.org/" local="128698938000000000" remote="129246394090000000" />
<file name="videoDown.gif" server="dijkstra.engr.mun.ca//var/www/teachingmachine.org/" local="128698938000000000" remote="129246394090000000" />
<file name="videoDownPurple.gif" server="dijkstra.engr.mun.ca//var/www/teachingmachine.org/" local="128698938000000000" remote="129246394090000000" />
<file name="videoNormal.gif" server="dijkstra.engr.mun.ca//var/www/teachingmachine.org/" local="128698938000000000" remote="129246394090000000" />
<file name="videoOver.gif" server="dijkstra.engr.mun.ca//var/www/teachingmachine.org/" local="128698938000000000" remote="129246394100000000" />
<file name="videoOverDown.gif" server="dijkstra.engr.mun.ca//var/www/teachingmachine.org/" local="128698938000000000" remote="129246394100000000" />
<file name="videoOverDownPurple.gif" server="dijkstra.engr.mun.ca//var/www/teachingmachine.org/" local="128698938000000000" remote="129246394100000000" />
<file name="videoOverPurple.gif" server="dijkstra.engr.mun.ca//var/www/teachingmachine.org/" local="128698938000000000" remote="129246394100000000" />
<file name="videoUpPurple.gif" server="dijkstra.engr.mun.ca//var/www/teachingmachine.org/" local="128698938000000000" remote="129246394100000000" />
<file name="WebWriter.gif" server="dijkstra.engr.mun.ca//var/www/teachingmachine.org/" local="128698938000000000" remote="129246394100000000" />
<file name="wwLogo.gif" server="dijkstra.engr.mun.ca//var/www/teachingmachine.org/" local="128698938000000000" remote="129246394100000000" />
</dwsync>